ze_18-fifa-soccer_c_m,
ze_2012_p3,
ze_30_seconds__b21_p2,
ze_666_crazy_escape_v1_1,
ze_8bit_csgo2,
ze_abandoned_bio_bunker_v1_4,
ze_abandoned_industry_va2,
ze_abandoned_project_v1_2_csgo,
ze_A_E_S_T_H_E_T_I_C_v1_1,
ze_alien_mountain_escape_q2,
ze_alien_shooter_v7_ps4,
ze_alien_vs_predator_v6go_fix,
ze_Ancient_wrath_r4,
ze_antartika_b2_csgo,
ze_ApertureScience_p2,
ze_apocatastasis_v1_2,
ze_Apollo_p2,
ze_arctic_escape_p2,
ze_ardeca_revamp,
ze_artika_base_v1_2,
ze_asiangirl_mm11el4nu4cp2io1yv7_r_v4,
ze_ashen_keep_v0_3_csgo4,
ze_assassins_creed_csgo,
ze_astral_v1_2_f3,
ze_atix_apocalypse_p3,
ze_atix_panic_v1,
ze_atos_v1_10,
ze_aztecnoob_p2,
ze_aztec_temple_p2,
ze_barrage_p2,
ze_bastion_nav72,
ze_Bathroom_v2_5,
ze_best_korea_v1,
ze_biohazard_manor_004_p4,
ze_biohazard2_rpd_004_p3_fix2,
ze_biohazard2_sewer_004_p8,
ze_biohazard3_nemesis_b5_2,
ze_bioshock_v7_1_csgo_a2,
ze_bisounours_party_p2,
ze_blackmesa_escape_p4,
ze_blackmesa_remix_p2,
ze_blue_zenith_v0_1,
ze_boacceho_p4,
ze_Boatescape_Extendido_p4,
ze_boredom_p,
ze_bowser_in_the_fire_sea_v1nb2,
ze_bp-infested-prison_p2,
ze_Breakable_p3,
ze_bunker_escape_v1_2,
ze_cancer_gopnik_escape_v8,
ze_castlevania_p1_7,
ze_ccc_floator_mislands_timantetrix_v2,
ze_chaos_v7_4f,
ze_check_b1_1,
ze_chemical_weapons_depot_v3_1,
ze_chicken_lords_p,
ze_chicken_ranch_v2_2,
ze_christmas_infection_p2,
ze_chroma_v0_4_csgo5,
ze_colorlicouspilar_p4,
ze_colors_p3,
ze_complex_va3,
ze_copy_escape_v1_1,
ze_crashbandicoot_p3,
ze_crazy_escape_v5_5_1,
ze_crazykart_v3,
ze_crypt_v1_4,
ze_crystal_a5,
ze_csgo_grey2,
ze_cursed_ruins_go1_2,
ze_CV_LOSII_Castle_Siege_b4,
ze_cyberderp_p3,
ze_dangerous_waters_in_christmas_day,
ze_dangerous_waters_v2_Final,
ze_danmaku_v1_5,
ze_DarkRepulsorPalace_V2_1_4,
ze_dark_souls_ptd_v0_4_csgo7,
ze_deadcore_v1_3,
ze_deadly_crash_a1_1_fix,
ze_death_star_escape_v4_3_p2,
ze_Death_Valley_b2,
ze_death_wish_v5_1f,
ze_deepice_p3,
ze_defense3002,
ze_depot_b1,
ze_desert_fox_v7_6,
ze_destruction_of_exorath_v4_lite,
ze_diddle_v3,
ze_DOOM_p2,
ze_doom3_v1_b3k,
ze_doorhug_and_solo_v5_2_csgo,
ze_draco_accidere_v4_final,
ze_drakelord_castle_b3,
ze_dreamin_v2_3,
ze_easy_escape_v4,
ze_eden_a3,
ze_egyptian_b5,
ze_einstein_v7,
ze_ELEVATOR_escape_p3,
ze_epic_escape_v1_2,
ze_escape_horizon_p3,
ze_escape_the_eye_p3,
ze_eternal_grove_v3,
ze_eternal_void_p3,
ze_evernight_a3_4,
ze_evil_mansion_v1_finalf,
ze_exchange_innovation_v1b,
ze_facility_doomed_v3_1b,
ze_fapescape_p5,
ze_fapescape_rote_v1_3,
ze_fartlocker_escape_fv,
ze_fast_escape_p2,
ze_fcescape_b2,
ze_ffvii_cosmo_canyon_v5k_fix,
ze_FFVII_Mako_Reactor_v5_3_v5,
ze_FFVII_Mako_Reactor_V6_b09k,
ze_ffvii_malgo_reactor_v4_2,
ze_ffvii_temple_ancient_v4_3,
ze_ffxii_feywood_b6_1k,
ze_FFXII_Paramina_Rift_r4,
ze_ffxii_ridorana_cataract_t4_ps3,
ze_ffxiv_wanderers_palace_v2_va2,
ze_ffxiv_wanderers_palace_v4_va2,
ze_FFXIV_Wanderers_Palace_v5_2,
ze_FFXII_Westersand_v7_z9,
ze_ffxii_westersand_v8zeta1k,
ze_firewall_laboratory_part1_p2,
ze_firewall_laboratory_part2_p2,
ze_floating_rocks_survival_csgo_v3,
ze_flowing_b01_fix,
ze_Flying_World_p,
ze_forgotten_facility_p3,
ze_FORiUS_just_RUN_p2,
ze_forsaken_temple_v2_beta,
ze_frostdrake_tower_v1,
ze_frozentemple_rc1_1,
ze_games_v2_1,
ze_gods_wrath_p2,
ze_grand_boatescape_p3,
ze_grau_a03_4f,
ze_great_crate_escape_v6,
ze_greece_escape_p,
ze_greencity_fix,
ze_gris_v1_13,
ze_Halloween_House_b4,
ze_halo_poa_p4,
ze_harry_potter_v2_1_csgo,
ze_haunted_lab_escape_p3,
ze_hazard_escape_p2,
ze_Hell_Escape_p2,
ze_hidden_fortress_p,
ze_hidden_temple_v2_5,
ze_hold_em_v8,
ze_hsc_a4_q3,
ze_hypernova_p2,
ze_iamlegend_p3,
ze_icecap_escape_v5_p,
ze_illya_b4_csgo_a3,
ze_inboxed_final_fix,
ze_indiana_jones_v4a_004_p4,
ze_infected_tramway_csgo1,
ze_infiltration_final_r1,
ze_insanitycity_va2,
ze_insensible_sr8gm6yj12hs7_RG_v9_6,
ze_interception_p2,
ze_isla_nublar_p3,
ze_island_escape_p3,
ze_ismellmagicintheair_wg7tw9vm1io1bu7_v3,
ze_italy_town_p2,
ze_jjba_v3t2,
ze_journey_p5,
ze_JurassicPark_Escape_p2,
ze_jurassicpark_evolved_v4,
ze_JurassicPark_p3,
ze_K19_escape_go1,
ze_kaffe_escape_v2,
ze_Kitchen_v1_4,
ze_Knightmare_v1_1,
ze_komatsu_v3,
ze_kororinpa_v2_1,
ze_kraznov_poopata_p2,
ze_lab_v5,
ze_laserend_v3,
ze_last_man_standing_csgo1,
ze_legoland_crackheads_p2,
ze_lemonysnickets_p2,
ze_licciana_escape_p,
ze_licciana_escape_zrgbr_b3,
ze_licciana_xmas_v1_e1,
ze_light_911_v7_csgo_1,
ze_light_panic_escape_v1ab2,
ze_lila_panic_escape_v3_3,
ze_lolxd_final_fix_iswear_v3,
ze_lost_v2_1,
ze_LOTR_Helms_Deep_v5_p6,
ze_LOTR_Minas_Tiret_p2,
ze_lotr_minas_tirith_p5,
ze_LOTR_Minas_Tirith_v3_3_ps41,
ze_LOTR_Mines_of_Moria_p2,
ze_LOTR_Mirkwood_v2_5,
ze_LOTR_Mount_Doom_p3,
ze_l0v0l_v1_4_csgo2,
ze_luck_matters_v3x,
ze_Lucy_Escape_v1,
ze_LuigisMansion_p3,
ze_magala_castle_final,
ze_magic_carpet_p2,
ze_magic_ship_fix,
ze_mario_tower_v4_p2,
ze_mars_escape_p4,
ze_meatropolis_p2,
ze_melong_dow_learjet_p3,
ze_military_escape_p4,
ze_minecraft_adventure_v1_3d,
ze_minecraft_v1_1_p3,
ze_Mirrors_Edge_Reborn_p3,
ze_misaka_v1_9,
ze_mist_q3,
ze_mojos_minigames_v1_4_1,
ze_monochrome_v1f,
ze_moon_base_p3,
ze_moon_shadow_legend_v3_5,
ze_motanuminc_p2,
ze_mytex_escape_v3_p,
ze_m_the_final_b6h2,
ze_namviet_v6_1f,
ze_naruto_p,
ze_necromanteion_v3_1,
ze_negative_legacy_va2,
ze_neko_canyon_p3,
ze_new_crazy_escape_v4_1,
ze_new_panic_escape_csgo_a3t,
ze_nightmare_dimension_p3,
ze_noir_p1,
ze_nostromo_escape_p2,
ze_nostromo_redux_v1_2,
ze_notredame_p3,
ze_nuclear_site_survie_by_gm,
ze_nuke_p3,
ze_NY_marathon_p2,
ze_ocean_base_escape_p2,
ze_omega_p3,
ze_omen_090,
ze_omochi_b10,
ze_onahole_v3_3_3,
ze_opti_variety_missions_p3,
ze_otakuroom_v5_6f3,
ze_palace_adventure_v1_2,
ze_pallaroid_rage_v1,
ze_pandora_revolutionz_hdr,
ze_paper_escaper_p7,
ze_paradise_v2_csgo,
ze_Parking_p4,
ze_parkour_k,
ze_pd2_crime_art_v2,
ze_phantasy_escape_p3,
ze_Pidaras_va2,
ze_Pirates_Port_Royal_v5_6,
ze_pitchblack_p2,
ze_pizzatime_v9,
ze_pkmn_adventure_v9_3,
ze_platformer_b6,
ze_Pokemon_Rivals_v1_8,
ze_Portal_Story_p2,
ze_PoR_island_p3,
ze_PotC_IV_p3,
ze_potc_v4_p,
ze_predator_ultimate_p7,
ze_project_alcaria_x2,
ze_Prototype_r,
ze_puta_p3,
ze_r4zor_final,
ze_raccoon_facility_v6b_p,
ze_rainbow_factory_v2,
ze_rain_of_time_v2x,
ze_ramp_a1_1,
ze_Random_p2,
ze_rats_escape_final,
ze_reconnoiter_b5,
ze_reloaded_v1_e10,
ze_resonance_cascade_p3,
ze_retribution_pf,
ze_rev_a6_3,
ze_re_creation_b2_18,
ze_rising_waters_beta,
ze_rizomata_a46,
ze_rizomata_b45,
ze_rockescape_go2_1,
ze_rollermine_factory_2010_p,
ze_roof_adventure_v8f,
ze_Rooftop_Runaway1_p,
ze_Rooftop_Runaway_Extended,
ze_RTCW_Ominous_Rumors_p4,
ze_rtv_one_more,
ze_ruinsinchaos_v2beta,
ze_rush_B_v2_2,
ze_R_W_B_Final,
ze_sakuzyo_a10,
ze_s_a_m_v1_4,
ze_sandstorm_go_v1_4,
ze_santassination_v3,
ze_saw_p3,
ze_sc_turtles_v5_p2,
ze_Serpentis_Temple_p2,
ze_sewage_processing_v8,
ze_sewer_escape_p3,
ze_sg1_missions_v2_1_p2,
ze_showdown_v4_1_p,
ze_shroomforest_p6,
ze_shroomforest2_p6,
ze_ShroomForest3_p,
ze_Siberia_1990_v1_2c_p5,
ze_Sit_Caelum_Paradisus_b7fix,
ze_skill_escape_v09,
ze_skyscraper_city_csgo1,
ze_sky_athletic_adv_v9_12,
ze_slender_escape_rc2,
ze_snowescape_gp1,
ze_sorrento_escape_v2,
ze_Sorrento_Xmas_v1_e2,
ze_spacestation_sgfix,
ze_space_flight_p3,
ze_square_r,
ze_sst_b2_1_p5,
ze_sst2_p,
ze_stalkermonolit_v6_go,
ze_stalker_ultimate_v3_b5k,
ze_stargate_escape_v8_p2,
ze_starwars_v2fix_csgo3,
ze_star_wars_lvl1,
ze_STRANGE_escape_p2,
ze_SUMAI_facility_v1a,
ze_sunkentemple_v3_1,
ze_surf_danger_p2,
ze_surf_facility_p4,
ze_surf_froyo_lite_v2_4,
ze_surf_froyo_v2_2,
ze_surf_vortex_v2_6,
ze_survivors_p2,
ze_temple_escape_va3,
ze_temple_of_the_demon_god_v1_3,
ze_temple_raider_b4_ps6,
ze_tesv_skyrim_v5_6,
ze_the_last_chapter_v1_5,
ze_thelostworld_redux_p2,
ze_thousand_steps_go1,
ze_three_eyes_v0_7,
ze_thriller_escape_p,
ze_tibia_rookgaard_v3,
ze_tilex_escape_p3,
ze_tilex_ultimate_v2_13e,
ze_timesplitters_p2,
ze_titanic_escape_p2,
ze_tkara_v4_3,
ze_toaster_p3,
ze_Totemo_Roka_v1,
ze_Touhou_Gensokyo_o2,
ze_traak_b2,
ze_trainescape_final_p2,
ze_trials_v3,
ze_tropico_escape_v10_5f,
ze_TV_station_r4,
ze_tyranny_v5_2k3,
ze_ultimate_autism_b2,
ze_underground_escape_p,
ze_underground_station_v3,
ze_undersea_temple_a2,
ze_undertale_g_v1_3_fix1,
ze_unknow_escape_v5,
ze_urbanterror_b2,
ze_urban_laby_of_death_p2,
ze_UT2004_Convoy_r5,
ze_valkvang_v1_2,
ze_venice_escape_p3,
ze_vertigo_militia_b1_3_14,
ze_vietnam_p3,
ze_volcano_escape_p2,
ze_voodoo_islands_p5,
ze_whothefuckiam_v2_4,
ze_world_escapes_v1,
ze_zakum_fixed,
ze_zk_mall_of_zombies_p2,
ze_zm_stab_town_go2,
ze_zombiemod_corporation_p2,
ze_zombierig_p3,
ze_z_x16_brainlab_v1_3_go